{"eval/rollout_video": {"_type": "video-file", "sha256": "116529b6f0ec870f8374a706461a0622e238ec1da176f3f82983fc6105f09b9b", "size": 56417, "path": "media/videos/eval/rollout_video_182_116529b6f0ec870f8374.mp4"}, "_timestamp": 1668526300.311056, "_runtime": 79482.33890390396, "_step": 44871, "global_step": 223802112, "eval/mean_length": 38.599998474121094, "eval/mean_obj_err": 0.026655422523617744, "eval/mean_obj_err_scale": 1.0, "eval/mean_obj_success": 0.0, "eval/mean_reward": 61.580345153808594, "eval/mean_step_obj_err": 0.18682421743869781, "eval/mean_time_frac": 0.8772727251052856, "eval/time": 1.8723444938659668, "env/obj_err": 0.02497970312833786, "env/obj_err_scale": 1.0, "env/obj_success": 0.00023255814448930323, "env/step_obj_err": 0.19090911746025085, "env/time_frac": 0.8911363482475281, "rollout/ep_len_mean": 39.209999084472656, "rollout/ep_rew_mean": 66.00167083740234, "time/fps": 2816.0, "train/approx_kl": 0.058772698044776917, "train/clip_fraction": 0.36865234375, "train/clip_range": 0.20000000298023224, "train/entropy_loss": 17.7991943359375, "train/explained_variance": 0.9875964522361755, "train/learning_rate": 9.999999747378752e-06, "train/loss": 0.24165429174900055, "train/policy_gradient_loss": -0.022485200315713882, "train/std": 0.17059078812599182, "train/value_loss": 1.2081432342529297}