{"eval/rollout_video": {"_type": "video-file", "sha256": "ee654fefcbe4247650ff182cc261637de94b51cda350e9b3ae46b4d8200e9d3d", "size": 76629, "path": "media/videos/eval/rollout_video_500_ee654fefcbe4247650ff.mp4"}, "_timestamp": 1668526449.096398, "_runtime": 79631.12424612045, "_step": 45276, "global_step": 224158464, "eval/mean_length": 38.599998474121094, "eval/mean_obj_err": 0.026655422523617744, "eval/mean_obj_err_scale": 1.0, "eval/mean_obj_success": 0.0, "eval/mean_reward": 61.580345153808594, "eval/mean_step_obj_err": 0.18682421743869781, "eval/mean_time_frac": 0.8772727251052856, "eval/time": 1.8723444938659668, "env/obj_err": 0.02564973011612892, "env/obj_err_scale": 1.0, "env/obj_success": 0.0, "env/step_obj_err": 0.2049252688884735, "env/time_frac": 0.8918181657791138, "rollout/ep_len_mean": 39.2400016784668, "rollout/ep_rew_mean": 62.790931701660156, "time/fps": 2815.0, "train/approx_kl": 0.03917957469820976, "train/clip_fraction": 0.37373048067092896, "train/clip_range": 0.20000000298023224, "train/entropy_loss": 17.779428482055664, "train/explained_variance": 0.9785299301147461, "train/learning_rate": 9.999999747378752e-06, "train/loss": 0.16641446948051453, "train/policy_gradient_loss": -0.01904558762907982, "train/std": 0.17071042954921722, "train/value_loss": 2.181971549987793, "_wandb": {"runtime": 220456}}