{"eval/rollout_video": {"_type": "video-file", "sha256": "87a54bf46bdcffaed9d6592bf3e1a0f09ab0a491288f77a2b4a426734ebdca8b", "size": 70357, "path": "media/videos/eval/rollout_video_181_87a54bf46bdcffaed9d6.mp4"}, "_timestamp": 1668526041.076356, "_runtime": 79223.10420393944, "_step": 44720, "global_step": 223191808, "eval/mean_length": 41.439998626708984, "eval/mean_obj_err": 0.023634063079953194, "eval/mean_obj_err_scale": 1.0, "eval/mean_obj_success": 0.0009302325779572129, "eval/mean_reward": 68.794189453125, "eval/mean_step_obj_err": 0.1685083955526352, "eval/mean_time_frac": 0.9418181777000427, "eval/time": 2.0693488121032715, "env/obj_err": 0.02415352314710617, "env/obj_err_scale": 1.0, "env/obj_success": 0.00023255814448930323, "env/step_obj_err": 0.18875618278980255, "env/time_frac": 0.9279545545578003, "rollout/ep_len_mean": 40.83000183105469, "rollout/ep_rew_mean": 69.51998901367188, "time/fps": 2817.0, "train/approx_kl": 0.04776431992650032, "train/clip_fraction": 0.371337890625, "train/clip_range": 0.20000000298023224, "train/entropy_loss": 17.830068588256836, "train/explained_variance": 0.9917907118797302, "train/learning_rate": 9.999999747378752e-06, "train/loss": 0.17662262916564941, "train/policy_gradient_loss": -0.026504365727305412, "train/std": 0.17039553821086884, "train/value_loss": 0.5830550193786621}