{"eval/rollout_video": {"_type": "video-file", "sha256": "2520bce7228ec8a8192770e10b26a85400346bc98d7b84e24fc8982c18242ffb", "size": 69711, "path": "media/videos/eval/rollout_video_423_2520bce7228ec8a81927.mp4"}, "_timestamp": 1668630347.58552, "_runtime": 183529.61336803436, "_step": 45198, "global_step": 224154368, "eval/mean_length": 38.599998474121094, "eval/mean_obj_err": 0.026655422523617744, "eval/mean_obj_err_scale": 1.0, "eval/mean_obj_success": 0.0, "eval/mean_reward": 61.580345153808594, "eval/mean_step_obj_err": 0.18682421743869781, "eval/mean_time_frac": 0.8772727251052856, "eval/time": 1.8723444938659668, "env/obj_err": 0.025519102811813354, "env/obj_err_scale": 1.0, "env/obj_success": 0.0, "env/step_obj_err": 0.20058424770832062, "env/time_frac": 0.8829545378684998, "rollout/ep_len_mean": 38.849998474121094, "rollout/ep_rew_mean": 66.35946655273438, "time/fps": 2815.0, "train/approx_kl": 0.06535197794437408, "train/clip_fraction": 0.4017089903354645, "train/clip_range": 0.20000000298023224, "train/entropy_loss": 17.779441833496094, "train/explained_variance": 0.9810424447059631, "train/learning_rate": 9.999999747378752e-06, "train/loss": 0.26939767599105835, "train/policy_gradient_loss": -0.02194819785654545, "train/std": 0.17070679366588593, "train/value_loss": 0.7856591939926147}