{"eval/rollout_video": {"_type": "video-file", "sha256": "c954d0fc4256683cdefe688d51db26703d121c2875b19fa5084bf14429cce978", "size": 57662, "path": "media/videos/eval/rollout_video_41_c954d0fc4256683cdefe.mp4"}, "_timestamp": 1668438329.3267262, "_runtime": 161805.53937125206, "_step": 10321, "global_step": 41934848, "eval/mean_length": 43.0, "eval/mean_obj_err": 0.00030719817732460797, "eval/mean_obj_err_scale": 1.0, "eval/mean_obj_success": 1.0, "eval/mean_reward": 439.18218994140625, "eval/mean_step_obj_err": 0.0016471323324367404, "eval/mean_time_frac": 0.9772727489471436, "eval/time": 8.174511909484863, "env/obj_err": 0.00030419445829465985, "env/obj_err_scale": 1.0, "env/obj_success": 1.0, "env/step_obj_err": 0.001754027558490634, "env/time_frac": 0.9772727489471436, "rollout/ep_len_mean": 43.0, "rollout/ep_rew_mean": 440.3634338378906, "time/fps": 259.0, "train/approx_kl": 0.03706230968236923, "train/clip_fraction": 0.430908203125, "train/clip_range": 0.20000000298023224, "train/entropy_loss": 26.993410110473633, "train/explained_variance": 0.9991849064826965, "train/learning_rate": 9.999999747378752e-06, "train/loss": 1.3879742622375488, "train/policy_gradient_loss": 3.6882742278976366e-05, "train/std": 0.12838441133499146, "train/value_loss": 2.4391307830810547}