{"eval/rollout_video": {"_type": "video-file", "sha256": "325d9c712dd8a14fc282d15bd25318cee69b823cd206c62298029647292e527e", "size": 107977, "path": "media/videos/eval/rollout_video_29_325d9c712dd8a14fc282.mp4"}, "_timestamp": 1668398173.0343983, "_runtime": 121649.00268626213, "_step": 7229, "global_step": 29368320, "eval/mean_length": 75.0, "eval/mean_obj_err": 0.00070549501106143, "eval/mean_obj_err_scale": 1.0, "eval/mean_obj_success": 0.9338666796684265, "eval/mean_reward": 681.8598022460938, "eval/mean_step_obj_err": 0.005510816350579262, "eval/mean_time_frac": 0.9868420958518982, "eval/time": 19.25839614868164, "env/obj_err": 0.0007100609946064651, "env/obj_err_scale": 1.0, "env/obj_success": 0.9294666647911072, "env/step_obj_err": 0.004726912826299667, "env/time_frac": 0.9868420958518982, "rollout/ep_len_mean": 75.0, "rollout/ep_rew_mean": 679.442138671875, "time/fps": 241.0, "train/approx_kl": 0.03162820264697075, "train/clip_fraction": 0.3329101502895355, "train/clip_range": 0.20000000298023224, "train/entropy_loss": 17.50299644470215, "train/explained_variance": 0.9960275292396545, "train/learning_rate": 9.999999747378752e-06, "train/loss": 3.830681324005127, "train/policy_gradient_loss": -0.011406770907342434, "train/std": 0.1590539515018463, "train/value_loss": 9.871441841125488}