{"eval/rollout_video": {"_type": "video-file", "sha256": "3cc2741b02317956d9e04fb1646652f50230d7c873c04fca2d1000663586bd6a", "size": 136074, "path": "media/videos/eval/rollout_video_427_3cc2741b02317956d9e0.mp4"}, "_timestamp": 1668630176.0971172, "_runtime": 183290.035020113, "_step": 45541, "global_step": 213035520, "eval/mean_length": 74.4000015258789, "eval/mean_obj_err": 0.014506624080240726, "eval/mean_obj_err_scale": 1.0, "eval/mean_obj_success": 0.0010666666785255075, "eval/mean_reward": 119.2081527709961, "eval/mean_step_obj_err": 0.16713887453079224, "eval/mean_time_frac": 0.9789473414421082, "eval/time": 3.88950514793396, "env/obj_err": 0.017491210252046585, "env/obj_err_scale": 1.0, "env/obj_success": 0.002133333357051015, "env/step_obj_err": 0.18669775128364563, "env/time_frac": 0.8940789699554443, "rollout/ep_len_mean": 67.94999694824219, "rollout/ep_rew_mean": 108.07403564453125, "time/fps": 2677.0, "train/approx_kl": 0.051144786179065704, "train/clip_fraction": 0.37836915254592896, "train/clip_range": 0.20000000298023224, "train/entropy_loss": 12.129517555236816, "train/explained_variance": 0.9969111680984497, "train/learning_rate": 9.999999747378752e-06, "train/loss": 0.11255714297294617, "train/policy_gradient_loss": -0.03330689296126366, "train/std": 0.2042386829853058, "train/value_loss": 0.5941202044487}