{"eval/rollout_video": {"_type": "video-file", "sha256": "ba9bc7c04b3a8203bd907a4a1cd731b4ed4665111f1cc91711776c48bbcb3f30", "size": 123600, "path": "media/videos/eval/rollout_video_183_ba9bc7c04b3a8203bd90.mp4"}, "_timestamp": 1668526051.2593043, "_runtime": 79165.19720721245, "_step": 45067, "global_step": 212097536, "eval/mean_length": 69.63999938964844, "eval/mean_obj_err": 0.015395483002066612, "eval/mean_obj_err_scale": 1.0, "eval/mean_obj_success": 0.0, "eval/mean_reward": 123.88595581054688, "eval/mean_step_obj_err": 0.17952308058738708, "eval/mean_time_frac": 0.9163157939910889, "eval/time": 3.90605092048645, "env/obj_err": 0.015993569046258926, "env/obj_err_scale": 1.0, "env/obj_success": 0.00013333333481568843, "env/step_obj_err": 0.17175345122814178, "env/time_frac": 0.9418420791625977, "rollout/ep_len_mean": 71.58000183105469, "rollout/ep_rew_mean": 114.57865905761719, "time/fps": 2679.0, "train/approx_kl": 0.03836780786514282, "train/clip_fraction": 0.38115233182907104, "train/clip_range": 0.20000000298023224, "train/entropy_loss": 12.161859512329102, "train/explained_variance": 0.9965705871582031, "train/learning_rate": 9.999999747378752e-06, "train/loss": 0.20307530462741852, "train/policy_gradient_loss": -0.029155239462852478, "train/std": 0.20388711988925934, "train/value_loss": 0.5016254782676697}