{"eval/rollout_video": {"_type": "video-file", "sha256": "ba9bc7c04b3a8203bd907a4a1cd731b4ed4665111f1cc91711776c48bbcb3f30", "size": 123600, "path": "media/videos/eval/rollout_video_183_ba9bc7c04b3a8203bd90.mp4"}, "_timestamp": 1668526304.0985432, "_runtime": 79418.03644609451, "_step": 45214, "global_step": 212699648, "eval/mean_length": 69.63999938964844, "eval/mean_obj_err": 0.015395483002066612, "eval/mean_obj_err_scale": 1.0, "eval/mean_obj_success": 0.0, "eval/mean_reward": 123.88595581054688, "eval/mean_step_obj_err": 0.17952308058738708, "eval/mean_time_frac": 0.9163157939910889, "eval/time": 3.90605092048645, "env/obj_err": 0.015817051753401756, "env/obj_err_scale": 1.0, "env/obj_success": 0.0005333333392627537, "env/step_obj_err": 0.16262386739253998, "env/time_frac": 0.9514473676681519, "rollout/ep_len_mean": 72.30999755859375, "rollout/ep_rew_mean": 118.39973449707031, "time/fps": 2678.0, "train/approx_kl": 0.03884539008140564, "train/clip_fraction": 0.3363281190395355, "train/clip_range": 0.20000000298023224, "train/entropy_loss": 12.148924827575684, "train/explained_variance": 0.997322142124176, "train/learning_rate": 9.999999747378752e-06, "train/loss": 0.06517569720745087, "train/policy_gradient_loss": -0.029446791857481003, "train/std": 0.20407316088676453, "train/value_loss": 0.29972201585769653}