{"eval/rollout_video": {"_type": "video-file", "sha256": "9a759247103256c9168e9f09b02fad721c4059a641e76e790a2dce95d9fcad49", "size": 126964, "path": "media/videos/eval/rollout_video_500_9a759247103256c9168e.mp4"}, "_timestamp": 1668526450.1194618, "_runtime": 79564.05736470222, "_step": 45615, "global_step": 213039616, "eval/mean_length": 74.4000015258789, "eval/mean_obj_err": 0.014506624080240726, "eval/mean_obj_err_scale": 1.0, "eval/mean_obj_success": 0.0010666666785255075, "eval/mean_reward": 119.2081527709961, "eval/mean_step_obj_err": 0.16713887453079224, "eval/mean_time_frac": 0.9789473414421082, "eval/time": 3.88950514793396, "env/obj_err": 0.017582351341843605, "env/obj_err_scale": 1.0, "env/obj_success": 0.0, "env/step_obj_err": 0.18542230129241943, "env/time_frac": 0.8698683977127075, "rollout/ep_len_mean": 66.11000061035156, "rollout/ep_rew_mean": 101.96218872070312, "time/fps": 2677.0, "train/approx_kl": 0.03643161058425903, "train/clip_fraction": 0.300537109375, "train/clip_range": 0.20000000298023224, "train/entropy_loss": 12.129159927368164, "train/explained_variance": 0.9957425594329834, "train/learning_rate": 9.999999747378752e-06, "train/loss": 0.15514084696769714, "train/policy_gradient_loss": -0.025301769375801086, "train/std": 0.20423930883407593, "train/value_loss": 0.6949931383132935, "_wandb": {"runtime": 217843}}